time,pelvis_gx,pelvis_gy,pelvis_gz,pelvis_ax,pelvis_ay,pelvis_az,tibia_r_gx,tibia_r_gy,tibia_r_gz,tibia_r_ax,tibia_r_ay,tibia_r_az,hip_flexion_r,knee_angle_r,ankle_angle_r
0.51666667,-3.368794597048601,-32.21461186621625,7.4714187049330345,1.066788853430746,-1.2713770171012704,-0.9565927652740672,-15.173800342470678,-24.054158726069012,49.88854469191641,-1142.3781497713853,146.1343235912627,-407.80525318090605,18.76601991,-13.62311761,1.37550884
0.53333333,-7.15377999178246,-30.24695170463004,-7.980090769036953,2.0576511769397245,-0.24933590026588545,1.3952514418993818,-23.906043919393174,5.389024969663738,4.900895986271763,79.34509335655324,-486.15454639923905,21.705482476709612,18.33081981,-8.0519051,1.37144403
0.55,-10.809490127813342,-23.258354638901082,-3.1165545735539224,-1.5053033978788222,0.1901519239386557,-0.7550276979888974,-54.09815170213194,-17.935796462239093,13.092100648597356,-238.0450924142389,658.7046456017894,-460.78942586603233,17.93268047,-3.43318367,1.60485816
0.56666667,-36.138036559026816,3.0078209323588334,5.55991003496148,-2.5270940216746163,1.6742173393744757,-1.760653408522461,-8.603272284568083,-7.53468108150931,-16.532038099289355,187.3673205204206,-158.51190787363103,-1295.6311102657926,17.89830087,-0.46903632,2.11041801
0.58333333,-2.0923083949498915,1.0270877718843259,0.9654011377600725,8.187188725123764,2.7440989023602027,5.9984256006295285,-31.502131736511945,-30.31651580392852,11.319861274947357,16.873230327003228,47.41077655696721,1323.4531313197763,18.05693439,1.00748759,2.44038943
0.6,-1.7118785529304081,21.68715647309198,1.0462136986117716,-0.22827590868917738,1.3551114579547223,1.7970832811666295,-31.082694026970852,-37.057111886398616,31.768590450653882,-214.39438921497307,155.63276152849338,-180.05084177864197,18.28551005,0.90639178,2.64597063
0.61666667,-14.306061538743654,17.897280172601985,11.800084035289991,1.2645010116002895,2.8401502721202196,0.05850004680002375,-31.39696971827678,18.611614458358115,7.484975093356372,-77.32906858397655,310.59280554103293,-475.9966827266519,18.91779529,-0.79062687,2.37710844
0.63333333,-5.607672366883464,22.534658128566143,9.012663649711259,1.9208872316451522,0.9267836292863036,2.1731391307442585,0.3470298087232117,42.219328884003964,-15.11986749257696,-652.5355081585449,87.43625185826103,-58.234070099512195,19.59870194,-3.50740749,1.72225687
0.65,-3.969646669002352,15.812532246416662,9.124496843641618,1.658663336534854,2.5481869807253807,-1.730627307749004,34.55148354380708,28.531288985981806,3.9567495281479155,32.83052121439444,-426.7131121414561,222.36528152323217,20.39608596,-6.6871124,0.70783355
0.66666667,1.5109242020679197,6.894157066650302,11.151236816816242,-0.9988567990855116,2.629766103812581,1.152432921946155,53.6833201515782,-27.41504113361099,-33.30081644452923,103.62949927516698,-421.4419563508502,-197.56804124618455,21.06104747,-9.85254225,-0.39671428
0.68333333,12.243919288575905,20.38228171129,32.604819264983846,6.12852954858777,3.93987442404964,-1.402991438803368,48.471447626463046,-48.370959640458835,-49.33086841645333,-229.08433009451883,-976.4940671036379,641.4718726079508,21.66324254,-13.41070107,-0.99405982
0.7,11.695358808001023,18.942129930555797,30.52862918672617,-1.255967497612537,1.7252993098807596,0.24281990287202826,40.0742687356375,-35.994796496695194,-16.073211393049124,1237.9496843971242,-534.800040515708,569.6662400243638,21.69052821,-16.67638032,-1.01863128
0.71666667,6.878234370892245,12.369529802281729,17.658600450759394,-2.9059223247378037,-0.934956747965729,2.505854004682787,19.791554778641853,-29.497158827058687,-6.773187754083923,838.1870048210939,839.9440939004041,-207.37989394203842,21.24353286,-19.02653414,-0.89339232
0.73333333,9.55722533705316,22.557931740879084,13.78680256405507,1.6166153533541987,1.475927409629493,0.3527998588800441,-36.121820823982524,-43.371067723748105,28.159244853069392,1337.194791166414,1393.193542792641,676.0184974000789,20.90352937,-21.17307496,-0.42177562
0.75,10.631029309405283,26.388582150597358,5.670283197913901,-2.4177230329108905,-0.5947197621123868,-0.32601586959364537,-42.37406798127359,-41.50266834894436,59.00857624189109,-553.2643323559938,2068.8464421910808,-1620.9558622885381,20.06744664,-22.47239012,0.25339315
0.76666667,12.440979574798806,38.1669100043818,6.21556375368738,-4.644435715548019,0.211428169142125,1.9994775995817562,29.32992075689814,30.543174959912598,58.00769884904787,-4140.338723453452,1267.7633538191917,-1499.4528506409467,19.22567574,-23.41523846,1.24266662
0.78333333,5.113875876540445,47.1955092486864,9.444544322546713,0.04035598385774615,0.14695194121980634,0.617867752852871,-10.806952002372848,-13.227871751277936,53.248687323073845,-2106.5350755873583,-6866.213236550301,935.7989097596641,18.07414563,-23.6351088,2.14629532
0.8,-0.49110873219492535,47.26471905940422,3.142723505229314,-1.1370235451903794,2.128859148455823,0.226475909409625,-22.485381200550915,-58.49340422910402,22.60814443268502,8037.280439228167,2963.760090885273,-674.9543649997692,16.77152749,-23.70943116,3.20583004
0.81666667,-4.3848629295956805,29.287609687088988,9.122481021668454,-1.6418173134535283,1.5630852504679642,-1.7654414123528661,19.9152340098948,-16.467547159538967,-34.03947860796938,-1610.8944113081068,-940.791276256854,2614.7347135641885,15.08044074,-23.02077358,4.01111085
0.83333333,1.369208671327794,22.53501118006886,11.253128610798905,-0.8515796593685098,1.1063155574743513,-0.7407357037056743,-39.00466748485235,24.04004524786325,-35.1637700901246,-3700.4622109860607,2601.1083514109405,-1900.2190608427757,13.34367957,-22.31289022,4.80305126
0.85,11.414684912793875,11.069868409701352,16.483061772401847,-0.2751478899404919,0.8726036509582379,-1.3804914478033803,59.92907131807357,-10.281644335320113,-10.286781219548221,4426.593174186303,-522.444574268488,3841.905954166782,11.48196097,-21.1816254,5.35701308
0.86666667,12.294190900269282,-0.40537173083997047,3.1051680713725873,-2.308933847146601,-0.6255005004005969,-1.3721050976838318,15.98571435675849,-46.79955901399132,-25.874737612343544,-5098.990398418283,-5309.116749053731,-2547.8357003026754,9.59140401,-20.22888969,5.92771635
0.88333333,22.76433624821953,6.555903269579447,18.04278725332171,0.6777357289054663,-0.08143196742711341,-0.7050237179904947,14.887182197102064,42.22173001114966,-2.4201636031337252,-1204.0200232837976,7189.2116513173905,-786.6600606163329,7.75628333,-18.873439,6.31521492
0.9,22.226253917862774,-3.8937460330296014,6.817331656642296,-2.132711146915594,-1.9698832120467482,-1.899899240040256,48.274040749618045,-23.345261476535217,-30.213250352437466,6000.218892865199,-1728.3921287839291,2972.6107922697342,5.77375157,-17.57133587,6.67136303
0.91666667,17.86733090264058,-1.743960959047253,14.859485368029082,1.2179169743336224,-0.5517724414178078,-0.6544445235554726,-30.105557061518383,26.34262851648203,-13.539997211561406,582.9109127240321,-3159.2218469510267,-4887.876046900181,4.0411245,-16.30543925,6.97910063
0.93333333,17.84509284620823,-5.0565386118284446,30.03304669739938,-5.310789875683838,-4.202314319074224,1.3280394687841295,-5.421905983099902,-5.139846272481707,46.3744229710912,-3292.3914700764385,3934.5556257917997,507.7977507271187,2.12351964,-14.74918733,7.10293314
0.95,3.433492659332415,-14.147107113679477,10.64059529654223,1.0888195644719663,-1.580507367796616,-2.891878843248348,31.402514917677617,43.99827103071025,37.04262795122818,-1682.2103309828435,-2438.5799751653662,538.2466333899548,0.95828065,-14.032478,7.54810598
0.96666667,-5.963178905471121,-17.819568848660833,31.478931667450382,5.302624242098612,1.0707488565990615,0.16704013363208625,-39.47665983172549,52.086549604768585,-42.32073674190114,241.7958665357415,-1550.3435196634189,3522.3386470865385,-0.34831489,-13.07916557,7.85554888
0.98333333,-1.1916937407786998,-15.990988147527826,15.934696769817364,-6.51952539218965,-2.731246907501571,-1.0622515750993085,-41.214395462577755,33.681811036517445,-45.38238482169973,770.2628221824021,3686.129313543425,-782.5301630044974,-2.25022908,-11.86115793,8.08762896
1.0,-7.348513182111761,-11.24913314399759,13.773922486425988,2.3541830583269543,-1.569491372203617,-0.05385597845763638,-15.387265904808052,14.609693836346834,-14.963262992270773,1210.8101157218257,772.5866927028788,-2896.918172049714,-3.6646753,-11.17885886,8.5032289
1.01666667,-11.240627838406253,-2.0113519927638155,9.068509263843811,-0.11883609506925588,-1.6177332941859823,0.25740020592012947,-2.9698691859762567,17.575305474913925,16.02541735893418,2032.8465923963574,-3224.0099317687677,-563.8432670247395,-5.11293457,-10.44514342,8.89664231
1.03333333,-13.287435754129051,3.3881197819170175,13.670714188922322,-0.002303999077986915,-0.47080781167644636,-1.8280792687682053,-5.621753360079422,6.600227565303644,31.317831793568953,-1404.3543693613149,-1226.865674957015,4122.965111177652,-6.62496973,-9.52677329,9.21088729
1.05,-23.204567810890193,11.820023879273133,6.5800188520064165,-0.5482077807172825,-3.6616665353337594,0.5030997987600393,-38.38238521819802,-19.735286071061626,41.057727212689606,-1733.6034521827244,4393.60375154516,-705.6147444984457,-8.22573961,-8.70127462,9.50983277
1.06666667,-9.195652636774529,12.958198175584752,6.356163168321103,1.3175290540233802,-0.9132487305985546,-2.2143257714602185,-40.39519424729455,-33.496288609334094,42.50981071383866,-700.6015168710614,-1028.907691687853,-2948.8463133172177,-9.45658077,-8.03144114,9.85269094
1.08333333,-8.460155553735236,27.317095671704262,2.275651417231675,1.5019193992318047,-1.9028872388454319,0.921959631216069,-4.844276340334864,-42.92946841234478,12.063088385160949,1691.6973880429287,-1632.9895272962272,-303.9169652626238,-10.74141801,-7.34825141,10.24810215
1.1,0.48873699270513815,26.009191840491255,-5.316841189363356,-0.08981996407169598,-1.5005513997789253,-1.108295556681709,18.43733718585499,-49.796205554463576,-11.399429391077408,434.3733164771139,531.4199520218043,1945.6189468879575,-12.1002752,-6.52175894,10.54482802
1.11666667,18.90085132208286,31.17420815601503,-0.06300159667887577,-1.0207808166245869,-1.0773008618408415,-0.7845846276675915,29.387913387207384,-42.917170011931255,-22.826572069425666,-419.8397293352223,-124.91726172036422,1624.0802815667812,-13.22592499,-6.04666101,11.02917857
1.13333333,8.111492694949183,27.54635408839145,-0.05547476697569494,2.7512268995092484,0.6076077569563998,-1.6774913290033884,26.563694077467005,-54.3993030024301,-26.232460919884335,-1267.1449026088203,-891.1352832278693,-1388.8904648046484,-14.2838149,-5.82188095,11.59595892
1.15,10.02985543711541,17.03838641316773,-15.763158279445351,1.5360473855806311,-1.389131444346206,1.31975947209614,32.804489691994,-57.389296597225474,-32.03315360935538,1006.7605484250171,1135.666401730728,-1813.5950824454064,-15.65650805,-5.52942012,12.10234683
1.16666667,9.15588127211725,16.794018998724447,-19.497181187322106,-0.5540764432605882,1.4962691970143096,-0.7544166035331732,-6.7648753813374665,-52.32147913426714,-0.8021018617291535,1781.2783292974607,-459.33699411023366,31.923019412413403,-16.96718876,-5.18453176,12.57601531
1.18333333,3.080926728528657,5.211900165387224,-22.51214418157502,3.1164467534207034,-0.48747580500946786,-0.14547594180958417,-39.55382466482647,-18.47048185256504,-0.30568530179699455,-576.2195438193389,-1846.6247021322856,1429.064096779552,-18.20208354,-5.34080991,13.12684421
1.2,1.762822879845999,6.678096170358898,-6.9485487279256635,-2.588938964423919,2.8580028567986147,-0.9089636364145385,-53.36987389902754,33.095589743814514,-38.804695318479254,-1163.7679050455984,1116.9321026960629,1021.0276359822456,-19.28950537,-5.36756317,13.51536778
1.21666667,5.095931225397931,-4.563139406764114,-14.251374849088553,2.8072102457673567,1.4953691962949827,-0.7086605669283048,-36.38503939313077,-0.11651842341265792,-7.441858435905748,76.03942931178084,1421.6378848923032,-62.18415833506001,-20.20235519,-6.15169421,14.01067437
1.23333333,14.009308216487938,-10.301057913526208,-36.23186824518491,4.147234341106432,1.4540754183704012,-2.0620071751970808,-55.472932304702205,-31.084158519594837,26.683220029478974,154.98978592840845,-664.2915088086277,-1839.98245700858,-20.98105581,-7.18036102,14.45099035
1.25,4.555583531212457,-14.654340295342319,-11.100672093621304,2.4209630316143844,0.34448386220557603,-0.7928276828688772,-41.95084765011747,-40.69739669191726,56.27178283749215,50.73194677186547,513.4926438144992,334.30141007346043,-21.45189759,-8.57389185,14.75466258
1.26666667,5.5951452433068365,6.22567064611745,-21.929189788809758,-4.287459429966697,1.3611250889002353,1.859905487924076,-54.55204096778446,-27.37844820082658,32.69106380752788,-247.60904848374054,-539.3352431221388,468.53640337435525,-21.64468107,-10.38908082,14.98057532
1.28333333,7.0817480870893075,-10.87146280441891,-18.18060346972262,5.586369765452102,2.7249109100361077,-0.8555036577984935,-58.1597023192783,-22.162091200007744,22.824849371857795,159.29140888760836,861.1456492842383,621.062010251499,-21.29764291,-13.00007698,14.99627809
1.3,4.844126124624854,-16.99160512498798,-0.8828334472164318,1.8626752549296102,3.0771347691450077,-0.9142196343121204,-19.478535227172483,16.113663893700217,-36.97553633526196,-1506.7060199207924,1221.321107997911,792.7034589845781,-21.10216516,-15.54160684,14.5016913
1.31666667,0.9171159167691469,-15.023104920715008,9.91943995585329,0.517464413971257,1.824409459528207,-0.8957527166020376,28.090846921278526,-9.614966490154789,-38.40952070801531,-1423.7663542445698,-743.9423009900106,-2999.7266612149056,-20.61673129,-19.06871617,13.69376046
1.33333333,-3.455583120770504,-20.971256226899005,26.00632231192886,0.6238437504628483,2.7932748826891043,-2.059631176147432,45.61122268686047,-23.60319417385881,-26.88556015597132,3932.8340022126367,-532.4877233756911,-481.0902647876562,-19.67589475,-23.44115318,12.31214546
1.35,3.122017030749024,-26.726332135649393,13.27159902883555,-1.0127155949140465,-0.18345592661698226,-2.774518890192332,34.91628424388406,45.06366661366454,36.240118810407004,-4800.938769321586,-3359.9913045941157,4337.788437089088,-18.46862439,-28.5370424,10.04460712
1.36666667,20.53032447974355,-23.912510215056223,-1.2515512487753857,-2.3291298633034336,-0.5178964143174429,-1.2970090376070644,45.5745883927177,38.95168351073891,28.210184120646787,11902.73228311694,805.9941145215989,631.4783963764633,-16.50614679,-34.35232817,6.75701164
1.38333333,29.469073133726848,-19.6206144304471,-7.43583823253608,-2.6675269329891296,0.0007559996978016866,0.28295988681602735,-44.925881438042325,4.547500103729233,10.49996185076515,-8927.471185436598,7655.631973581354,-4800.421185103676,-13.87584366,-40.53819425,2.58379881
1.4,32.82007071964122,-7.650686183068727,4.083625126394326,-1.1048035580783482,2.5493389802639745,-0.7308357076657006,10.995999722153469,-50.58635481549571,-13.796824651164432,-6747.537349697009,-6158.77176335704,-1164.8740243227546,-10.96264854,-46.49328988,-1.92022749
1.41666667,34.64475303346471,-8.891545812673154,8.67608868708733,-5.367244293794802,-0.8727846982270512,1.4736611789287075,-36.73888427599973,34.09417465707251,-28.98439646823875,8577.346716088638,-9687.318557132907,3997.020964735052,-8.23074119,-51.7438441,-5.80689646
1.43333333,26.511009909231735,-6.07506864661405,9.358074981957962,-1.1274115490352414,1.6688513324584895,0.22478391008642862,32.55382767215473,46.2716149902882,19.899166057117718,5830.2044153819215,21908.50516962915,-681.2135395991553,-5.2320746,-56.72856692,-7.84865584
1.45,-7.059123765083251,28.263745878362585,6.516853330819002,3.1892027243189855,2.2066551173386504,-0.6437157425136705,11.436686522777274,-28.390310774846895,-42.00819146481829,-4689.7561800605545,-18978.717794620366,-3619.9942902845187,-2.41884767,-61.0028586,-7.89712717
1.46666667,-4.397752453736036,12.99478682329756,13.872401598412692,-4.8324998659994405,0.3235682588545051,3.0027984022382244,-39.66878614021584,35.991449601686966,-39.32678424656388,-8453.509508195692,10176.427995415233,-564.9762689510035,0.00275475,-64.12547003,-6.55220809
1.48333333,-21.375767794209175,24.18604988291594,-6.748074454721314,-0.8300516679790482,-2.4819830072072473,-0.05716797713281086,11.710939961176953,-29.043618180563442,16.46375580951984,9991.276374331701,-2850.1078508309233,4835.593005668352,2.40616985,-66.78550209,-4.44484905
1.5,-30.198561644838946,29.822841563897402,-14.603238217850201,-0.7619036952383387,-0.14547594180878481,0.9235076305969131,15.986613068635826,28.235615544902608,38.928261916958625,-12961.248373105267,-7894.637902449644,7737.377275036759,4.9153787,-68.62976324,-2.28269423
1.51666667,-27.700309145622672,23.176857209317095,-19.479507601321988,0.35337628270041743,-1.1467449173960644,0.4236483389186013,-3.2524442599143426,52.62604148744365,-3.956832336964001,11682.349128473368,19649.722623655718,-15330.88179755815,7.1472332,-69.59309776,-0.46376594
1.53333333,-13.306382676846582,17.307057371132856,-27.65127437472149,-4.096186361524917,-4.364638254144535,1.5932153627137924,-26.60003167801207,7.921910169698682,25.116713746887058,3462.1211980945473,-24615.980893968223,11595.734525823036,9.25246744,-69.75480762,0.90165722
1.55,-30.972429240103967,28.367185598727374,-40.168262137341785,3.541426583429085,1.108871556450806,-0.37169985132004424,-54.22702342365908,6.187219605303305,-7.384731888855719,-2590.066334076581,20240.83629277602,-4810.653042923567,11.67203113,-69.41868284,1.88751999
1.56666667,-14.733582789364567,8.962477539171493,-30.15229621260427,-2.2886298309032873,-2.929646343715919,1.9026735221384983,-46.21752459629005,-21.77296859929248,21.899235818641312,-11724.988386899044,-13465.097750371135,-4976.141942145729,13.35941152,-67.94953951,2.47530711
1.58333333,-13.211161413276136,1.6920761664097643,-17.440797308439766,2.951134819545766,-0.7533716986514318,1.0806835677265323,23.980160475758378,27.86020300472265,45.79460389588111,6690.350906868261,6191.619897212453,13822.012236636027,15.12641325,-65.9381755,2.85830835
1.6,1.0657290291267554,-1.2957951817497688,-27.999668787074143,-6.126261549494766,-2.954266818293916,-0.06623997350401116,-3.574816313994273,-9.266973226081834,-36.69732793509711,3816.675408190302,-252.767658680127,-9068.248501032398,16.56589788,-63.12956288,3.11325051
1.61666667,-2.6884384730696733,0.7692209843564454,-30.547277907480435,3.041354433082607,-3.5892748714186493,1.2017169613734051,18.58369838625425,19.21212547542089,35.197739190851884,-4253.89393149908,-356.73379904706064,-3405.2203968002023,17.97446738,-59.74946802,3.33441296
1.63333333,12.521021682588618,-7.491657995231904,-5.987673391105793,-1.096343561462204,-0.48178780728486337,0.23925590429762558,9.81658929448186,10.21924537034431,58.03452534139802,2115.856690522279,1039.379460827041,1352.655585656383,19.3400026,-55.68771086,3.55141458
1.65,4.786214319660601,-2.466295185957469,-6.839007815029407,2.9571828171265806,-0.034559986176198605,1.5704273718289932,-43.30110335187728,-30.84121879539845,33.93595832982344,-885.2852395347658,52.60295604470859,4508.011615919665,20.21019679,-50.97053455,3.7032048
1.66666667,16.745342804784666,-17.633783228298864,-10.73946454237277,-1.3605850884679198,-4.20894336715382,-0.4642563714050229,-27.539066971194835,-23.566610795501294,12.571485191785072,239.45220550306735,366.62190965989424,-3647.959325790793,20.46476521,-45.40941963,3.60941884
1.68333333,10.524801589572213,-16.51351929371224,-19.110571023246372,3.1631747347300934,-1.3977354409058735,1.8171352731458252,-5.907786740716048,-9.99331614724533,-44.039376885421376,-26.03630686897201,2649.4045330993745,688.615417394076,20.85494771,-39.6134207,3.37801077
1.7,8.588053221956347,-25.732262907613883,3.4971247072494425,-1.387187445124829,1.4659194136327636,0.7097397161040797,-8.20032028736726,-21.267925716070966,-29.382345931025995,2279.4019828830933,-2245.6095017753373,-171.68455473202434,20.9712744,-33.21378276,3.01662889
1.71666667,9.911542663225177,-29.475537730538903,-12.41099051929861,0.9234367387489926,-3.5387668310137355,-0.06001204800962797,8.577550151266118,-37.678492784170196,-13.841806393087062,-145.32980904300948,-1054.6394456147466,1025.4474657436606,20.48595621,-26.55280156,2.54089528
1.73333333,8.544030492059472,-32.175145889305035,-11.415207991540285,2.628682948526987,-0.7734596906156528,0.7773476890608924,-6.2900930761235525,-51.92017129280388,8.11652151288385,-98.63700896929517,-864.3869139430137,172.2431078656641,20.19543101,-19.92948404,2.13986078
1.75,4.5508313084690055,-30.622886795056,-0.9742068729170407,1.3406394637439438,-0.14536794185344054,0.9534236186305171,-46.49447702668853,-34.79793906073132,24.274464921713818,-638.2750613831113,-448.11807541975696,818.5077306651712,19.75659633,-13.56040707,1.86841403
1.76666667,-2.2807773484590284,-24.70871923913467,13.141004640111515,1.8660614928488861,0.09471607577355007,-0.8505006804004038,-51.02535504074151,50.549434117755546,-58.9820413374998,-1326.2167266325228,560.6967528794734,-467.6798572669718,19.18311548,-7.91569646,1.81001106
1.78333333,-4.774914764878149,-21.98207414603065,6.237996552546798,-0.47095181161917027,0.7814516874190436,0.9577796168881167,-10.593163605676308,-57.93442870502136,10.804055763630808,145.43061210739032,336.26987917070926,-745.1847746207493,18.63321755,-3.38156035,2.06574063
1.8,-16.09898543726668,-21.068515799744134,17.384212793598287,-0.1339559464176512,2.7503988998402846,-0.12200395119840834,-52.63437352246777,19.4365930142624,-15.816268042755981,34.06082735733973,297.0663063731985,-370.7301811163869,18.37659096,-0.3236466,2.41193473
1.81666667,-21.26121273434834,-0.5259361821635415,20.33452295532388,1.1893329514662503,2.6370021096013376,0.18723614978888828,-9.74785548987364,-17.082417357454275,27.970113995354748,-263.7508308691749,-404.30506889563253,150.2583664298352,18.33893721,0.93314125,2.7800236
1.83333333,-8.508754774703664,8.374010597532546,3.2580705180772394,2.9893668042532306,1.3924434430228605,3.6977745208900465,-30.753489993452728,4.184766320741855,24.52490536684607,-11.60455291562547,-241.10053205708945,300.2800031896022,18.35616337,0.77827482,2.72059329
1.85,-5.202452196485894,17.758746730370998,8.194225238551898,-0.13201194719547485,2.1162231535102776,0.6719757312096809,-57.471064196276814,6.35739660004328,-8.184141519920274,-196.63253159588143,-868.0178074970394,-109.00915642225098,18.98367389,-1.18533107,2.47684032
1.86666667,-6.62809949889059,12.216432565265332,12.781155539605834,5.121292097033184,1.1251449001154628,-1.6754053403240359,-59.03536658359997,38.70666805369538,-38.39627595451881,1009.8088080071349,-117.81398710003286,-703.6054552131448,19.63276746,-4.03088956,1.70700084
1.88333333,0.5471943009432945,12.244693703100502,5.750567422127986,1.7186753125298486,1.530467387813769,2.1252231499106564,-59.719041642730296,41.18198544261251,-41.462431284676235,586.2204511857228,968.2417727614813,-405.9535030689141,20.30630127,-7.05944977,0.67025306
1.9,6.7303968822177165,11.519181234896923,27.97041004981221,0.15533993786358957,4.291198283520013,-0.3886198445520473,-56.92198046152172,49.72192857164996,-51.262604738495206,481.8543790298605,604.8852151237804,387.10656127639805,20.95364917,-10.12984322,-0.3998418
1.91666667,4.517024506007161,10.144969771010528,16.444743710992157,3.4693227754580844,1.725733380586741,0.11142008913605131,-39.28981847571395,40.656000168609545,-57.03238338561226,-924.4180131687392,587.6792707550818,143.35368032173344,21.26727012,-13.45288693,-1.03660913
1.93333333,14.54481289945068,21.790101714783713,39.26267724628526,-1.5264713894116737,2.6682109327153696,-0.09683996126400798,9.53558287884795,39.662772874508086,0.5334171077613091,-51.100903459260444,182.31228283809887,294.4202351673252,21.42945453,-16.64199003,-1.16013808
1.95,13.814842922864615,5.258062710897494,21.604236321695197,-4.294510282195469,-1.5094073962370609,0.688031724787278,52.850950962191,54.1648549022076,58.362569067204134,-74.26855608440742,-116.95509306430309,313.35997725955133,21.00293514,-19.27630629,-1.04086867
1.96666667,1.2046036352935965,20.829826557161205,16.476410844664823,-0.09784807827850221,0.2426401941114982,1.6168332934663712,57.8249667378676,50.948184613587536,52.1163441949523,-1770.8738777153308,499.4421702515526,442.628395526575,20.72976957,-21.59926866,-0.59957166
1.98333333,-10.013588252382483,16.30412646090938,2.746758862466235,-2.7468709012517425,-0.594215762313053,0.9312836274865085,27.05615145655189,14.235580254960492,39.4939049508507,-636.9254988763877,-2172.4896269559904,-59.611646924426395,20.06365597,-23.24038513,0.06485535
2.0,-31.508421133350094,26.643709616481022,-8.958788643391527,-3.627754548897523,-0.5337717864910715,2.4613550154578334,11.702711109714619,-5.186697370640507,33.11842049116262,1812.340047205712,-3804.777535988442,1966.3605841260512,19.36816038,-24.59374806,1.08454764
2.01666667,-25.796368816804634,39.84260489015411,-13.760892498497324,1.183716946972838,2.757962206369749,0.038520030816015315,-3.3122304391884954,-3.8004134052514558,59.112358836092405,5209.714858259255,4453.462390168647,-1827.3184456021086,18.50069674,-25.19625329,2.11511727
2.03333333,-21.78758938298642,25.029750109246933,9.14620052531024,-4.0046023981584575,1.7533072986760572,0.5902197639120852,41.32571554631347,5.768081962371324,22.997367097085647,-3522.6801682292207,2940.1000985866,707.8358936605867,17.14993837,-25.13407797,3.20172254
2.05,-21.52482164694574,14.366670651250827,13.813632606630042,-0.5907597636964564,2.4283790286484135,-0.8954636418144744,51.37604516485477,-20.89610659649483,-27.272887212548987,-3666.138811142695,-5842.889684765613,-987.3276858904716,15.62378996,-24.66980981,4.1399935
2.06666667,-2.143862041452161,18.52784604743959,13.482827609566085,-1.7517974014374702,1.006272805018422,-2.0958856767082596,41.020858161704375,1.684147264369461,-7.49315243940041,-1363.0951790698696,4412.313262613504,-1161.850630769417,13.82062285,-24.04288716,5.03067896
2.08333333,0.4548669514109927,15.945678523613186,11.81286910873443,1.2650754939695061,1.1213995514401776,-0.3396958641216254,37.83146052913226,-42.04270228827113,-55.119841513270444,4889.2296178677225,1269.4349768478373,3282.100707188105,12.05107173,-23.08590167,5.7192199
2.1,10.040122052120884,27.07758415517054,24.50293037406553,-2.20492711802882,1.1041555583379188,0.8209796716081352,-45.88232561055366,29.0572171289124,-21.434349119471822,2503.0327399955927,-2917.9073789780855,-2535.5342151094237,10.09312747,-21.82742499,6.21873813
2.11666667,4.609524463058498,23.86174100215788,11.49899204857847,-0.940896752717178,-2.7435261948206002,-1.458361166688671,-5.696610965880998,1.7728223210094225,-8.8748321083156,-2897.6932606552446,-1566.3558876602888,-1650.9503653830382,7.77191513,-20.10016807,6.43120969
2.13333333,6.3514773534128315,26.174096107478917,13.217352422830409,-0.010475995809882805,-1.7508232996711641,-1.271375491449781,-9.45663398350887,-5.838831022027732,15.218225290371587,-1488.2195377869891,2643.7711253288526,2890.790280582235,5.78843014,-18.49354779,6.64853741
2.15,7.9747979035979375,30.84775628751538,16.624087737281894,-3.128326748669163,-2.550022979990146,0.04010398395840291,-27.219645731234962,32.92003393283879,-54.014854963018486,634.764262761116,2030.8939549280765,-3811.0067387622057,3.86780053,-16.90105973,6.85843813
2.16666667,15.58617154945952,21.343152295665693,25.54064608779949,1.6456693165357223,-0.2553482042782165,-2.4657139725708275,-31.231787707595714,-43.99231464564839,44.93564143931903,-738.4300482448638,-4274.230623380473,977.1771055283315,2.178738,-15.4690378,7.02520534
2.18333333,0.22217385733942405,17.584323368624844,9.410626672255647,-3.177610728956205,-5.344773862090997,0.3193198722720196,-30.62074200136806,-23.216621843618,52.478373891086825,1522.0710460333728,1899.8858456025916,2928.6664417355046,0.30900661,-14.17704912,7.28739254
2.2,12.512524326440072,15.960613007460811,27.051172033303615,3.3041506783403354,1.0130035947995215,-1.162655534937761,-55.45332137219492,-59.064057134288035,54.57187021289567,-3482.231155042474,845.1294534498016,109.38635234850084,-0.97348341,-13.17801943,7.64666146
2.21666667,1.826611577296779,7.551050546309041,8.58006136032504,-2.7970942376753545,-3.5215228172187043,-0.6143764915011181,25.797982523366578,-59.981231323208654,-25.800269790675628,1815.0540424558797,-2228.1472629809546,-2381.2320537277137,-2.75532716,-11.9786572,8.01770828
2.23333333,-12.723159452304321,6.583221871779265,1.6149449757116,1.8993952402418204,-2.25575909769593,-0.47627980948805143,35.62793487148539,-8.63362273661211,-4.632132986893159,2195.4023625619325,1083.0132386487328,717.9432603209762,-4.21905268,-10.94325871,8.45369838
2.25,-3.560594667260387,11.26207937854293,16.589266021569276,-0.16761593295371943,-0.44096382361395214,-1.372895450841719,-24.151036941290048,7.173838967976834,26.095152880757418,-2832.3715080271145,-577.1115983089373,1620.381422542103,-5.70510934,-9.93891198,8.90808514
2.26666667,-14.944406037908113,16.834854047429406,-5.0867375561132855,-0.7157525726017164,-4.033875227099466,0.24836419869134174,23.07247487748206,-14.114720042551026,19.41608433221416,1109.4977807100493,-1152.4169252095905,-859.631026442563,-7.31498775,-9.12068515,9.48881294
2.28333333,-18.539335922702108,10.138011023770163,2.0981967026762853,2.5547389781043988,-0.12927594829051872,-1.3839474464210222,45.872308822174894,0.18515676958456687,6.213175580662059,1885.9755258590606,296.54819545135507,-1871.0238109200511,-8.43920739,-8.63127837,10.19303877
2.3,-4.744875496465415,43.334709088417604,-7.432300499933026,2.3123510750593237,-1.651967339212337,-0.6038637584544552,52.529324907462936,49.84473749382349,53.52648891445087,-1294.6282126162098,4006.9867004175435,1789.6463675020873,-9.97281816,-7.96446232,10.8104977
2.31666667,-20.38999149233979,18.037742513591297,-19.793582658736593,-1.0510568408452534,-3.622142897713951,-1.028772823018106,16.573492966431772,-36.540721286428976,-19.954304854189818,2083.5649366493235,-2379.573026911606,279.19281174579424,-11.4899872,-7.10549551,11.37542824
2.33333333,-16.576489853271287,26.96417121078123,-19.100548019432868,0.6092277563085302,0.9295916281628002,-0.07469997012003177,-18.07270971353609,-8.402835146787782,-33.19466639369568,-1340.7059050826265,-2182.148040807786,835.9158102020947,-12.62803851,-6.65469266,12.14428125
2.35,-21.895183818263742,25.077759783187744,-22.226435859529733,0.4707718116914774,-0.49186780325236823,-1.460375415849798,7.6170046968334315,-9.323736798677201,-57.51935951163944,-2817.2605825768,1116.2954998469108,-762.9787604312312,-14.13712298,-5.90512125,12.66087337
2.36666667,-16.29846357048682,12.565653987640724,-25.82816103136769,1.8531374825098383,-0.6886805509443269,-0.4173843339073682,15.133248651460553,-50.84121901048261,-21.845979298818445,487.1139880794988,1613.4220328966123,-1996.609165401151,-15.70005442,-5.22201634,13.13017528
2.38333333,-21.281888418009835,8.689223065890905,-7.642578486731035,0.3329278668286704,1.6552073379175183,-0.6108837556465154,-48.80687542680402,-48.735643486119,59.91377524139768,1992.3087074155262,-2805.5892953145594,-57.375156992237116,-17.10159384,-4.80504461,13.71010937
2.4,-10.394523797900566,-8.876965451290406,2.3588345072011676,2.503222998710395,1.6197473521003067,0.4717438113024405,-49.58801423113033,-46.31685960767132,56.4942448579736,1608.4788453082779,1505.2133872503505,3010.064599250798,-18.8050552,-4.24741976,14.06692846
2.41666667,-17.050858014506254,5.087243250795405,-4.486186625648954,-5.619532495624972,-2.090341672273302,0.3032282425825681,-38.147422940868,-16.91829308374037,20.503490802374923,-2420.6381162275184,1877.6256943083592,-474.03419006356154,-20.38313326,-4.32543921,14.68803749
2.43333333,0.26015594776764445,-9.763340652365008,-4.027283391252556,3.9884744046099376,4.3238502704605,-2.0329911868033825,-5.351531820587748,16.613410262569385,-10.063798755408165,-180.65301069547294,-195.32772310339126,-1517.8958741051058,-21.36205898,-4.67538272,15.25239427
2.45,26.865737966102348,-27.197792518581682,-28.296804918329087,-0.11987995204766794,2.0823111670749936,-1.654631338147472,28.755054397356137,-47.69686212320942,-32.53258142207527,1744.7329145135832,-1972.2586784661298,360.5073944989526,-22.16769422,-5.60111164,15.82521386
2.46666667,13.871493278202836,-13.083654596831938,-25.69136093303468,4.702791762232431,2.2215617772488443,-2.479933983946819,52.52908186322352,-54.23999353450088,-57.56859989017686,-949.6210934594582,-927.47856707144,-284.29989818392903,-22.30379707,-7.32379449,16.52705184
2.48333333,24.117574314996332,-29.119752675489636,-38.66934663204452,0.35683185726726263,1.4426994229203542,0.3920398431840442,23.748481824553696,-17.139147228292508,-20.687311319557796,-1538.4160421380172,123.46625091900223,-1507.9910738158756,-22.3182703,-8.92612727,16.63959563
2.5,13.122903710766709,-13.8561610898948,-21.686322856163393,2.835934865625561,2.9471388211443914,2.6777509288994237,-45.49726110021838,16.654616615235117,-31.102310896121196,1358.0051421758494,2044.7981691111995,614.4046274435573,-22.04313094,-11.0554757,16.69916718
2.51666667,13.066360860082437,-9.555284702425094,-10.024906953242288,1.454185163348296,2.20161776129414,-1.8266774613416874,-47.3415226658807,36.26245615849067,-24.539029533371238,1020.9715838868345,556.4665311600066,1015.5297982285703,-21.80711891,-13.65792845,16.40324378
2.53333333,6.582078644841407,-13.447195402586882,7.726256713338482,2.0262591894963116,1.584827366068783,-0.6371277451489196,-35.27861343065644,34.00185358150195,-29.711871467960016,-65.01638213898276,742.0467014003206,2268.2959846667745,-21.57228671,-16.5021564,15.67513045
2.55,-6.4815458824550385,-21.15905014172199,26.919021477312118,0.9973076010765352,3.0247547900979126,-2.6676349329458264,-33.964621419996874,27.345641370136445,-47.32423300447347,-4227.181962086976,-93.39477492677649,39.837467165853816,-21.05143802,-20.13120012,14.49138917
2.56666667,8.248017959894176,-12.13970274641782,11.844136207091307,-0.521568417254311,0.21034816827829886,-0.9352447481956776,-6.924611943058982,-39.20279751767159,-3.517706039727045,748.4470689509009,-1980.8599636159329,-2623.672856336905,-20.25970116,-24.48279047,12.63640044
2.58333333,19.168176477061298,-11.290625210213186,2.472138754317218,-3.9518264192692394,-0.5258517896592427,0.693215722713645,52.198561031044214,7.80082143515188,2.2573472988273378,1969.1100850892017,-5322.92127335028,135.8246079623003,-18.56313591,-29.87487765,9.98122491
2.6,22.213231652355,-17.285885845899134,-20.292698422010467,-3.685390525843564,-3.579262568295054,-1.6885793245682315,38.65832400472145,-45.71066293084381,-28.98130728331131,6630.0192403980645,12490.335497496193,1509.47571039819,-16.04993302,-35.99230333,6.48470573
2.61666667,23.582741111111172,-11.944555426331664,14.001485169500022,-0.717300573840663,5.340352272281413,-0.9376927501540269,-30.253801035499496,28.12205998792022,-57.79729608037685,-4013.2214109634033,-12146.803766022076,-5651.318342398542,-12.49586374,-42.65127367,2.33656809
2.63333333,30.289259602478122,-10.160462066709568,-1.7784414484394042,1.4642634142948752,0.3745078501965733,-0.6313677474528905,19.504421899335913,38.318638087733184,40.668000034685925,-12305.102819314441,3957.499505075891,3985.1252457136966,-9.55366378,-48.48059128,-2.05772352
2.65,29.515204788785812,-7.672718208947593,21.01810005536189,-5.466165813533462,-0.24346790261356896,0.2559598976160277,10.693211681930176,31.44342307949031,34.255295395597535,14455.647710118596,5386.562337172331,-2774.2255162741412,-6.90455914,-53.50159862,-5.42441724
2.66666667,22.5358718106198,4.739154725750178,-2.4517192131936083,-3.3658586926866274,-1.6724173379326468,1.8299174639337137,-13.51484997559913,48.22359300027118,-10.51172988617096,433.243708279209,-5152.132689641476,15531.38075135953,-4.03366747,-58.29519043,-6.81407509
2.68333333,7.149322199192899,16.454496130034283,15.985705316163651,1.4581794167282014,3.1475507409790384,-1.2005635197745146,-43.09684335306951,-59.742117193837615,42.94050023671207,-2642.606938355878,-3615.799069645793,-19969.889471866278,-1.0267392,-62.41197518,-6.24544349
2.7,-1.5253004059224997,24.50134875867689,0.8497100320948497,-0.3094198762316506,-1.556135377545693,1.192967522812979,-30.10911231825609,-29.1042319454491,31.186939772267444,-3807.16521775287,13258.501126748446,5537.574753355731,1.32255156,-65.5333506,-4.53630069
2.71666667,-8.731726911016592,17.12990046650052,17.358525296940183,-2.9551343641073817,1.72004537603658,1.445077156061524,44.386887435159345,-57.015544412483074,-42.0959907055382,916.5025917856649,-11459.332358867787,-698.5079518280698,3.80143698,-67.87142594,-2.33589453
2.73333333,-23.92394515646767,21.9482616750432,2.785491833508776,-0.8690756523696724,-2.002175199131087,1.8069832772065682,-55.8548427842816,24.06456359118805,-27.862705931923514,-4035.6879584308213,4996.332934060107,2630.725446048909,5.831684,-69.31639946,-0.35997086
2.75,-29.448605479466654,23.27102190071009,-12.148726195929939,-0.33886786445292394,-2.8403988638392104,0.17409593036161755,27.05970072479393,-4.127536163365148,-22.360160273875167,9115.392785829225,-12338.199904994835,2797.626727081999,7.87805038,-69.97521714,1.15113818
2.76666667,-25.90294528427514,7.83238709278228,-7.978592097283415,-3.5391268313008406,-1.1801889441510942,1.4557331645863256,56.93054690119503,-29.76204427066978,-30.231046542907507,-13198.626745148556,10034.613285175694,3052.847101008421,10.0244241,-69.8788098,2.25441576
2.78333333,-33.704347421541655,30.909028805394833,-37.97827070640763,1.4163474334611093,-2.7377989048809934,1.0504435798225615,-45.676898897472455,-54.424727413235395,46.128574014843686,6124.525266291608,6471.196879330193,-7527.848699894758,12.11674348,-69.00186812,2.93272687
2.8,-25.376429276599445,7.796597924137546,-18.741011105334312,-1.039679584128418,0.39373184250762777,1.8756712497313717,-34.97646362627714,2.576567489873457,-27.167545458343174,4637.11040896885,-7402.82076570859,-1914.8442802540494,14.10804544,-67.30128162,3.42044471
2.81666667,-5.301781959145303,3.7494866259076303,-18.851303779505724,1.7196853757483697,-3.3516746813388925,0.26071220856972455,21.980049784357043,-29.994002707736026,-45.45283927989796,643.2781810869252,-4801.691302977945,9638.675855020236,15.70357334,-64.72553341,3.65716631
2.83333333,-10.727225523125414,14.269271422072496,-33.755518287318445,-1.9268272292693722,-1.3435194625923907,-0.37209585116162336,-12.385917347634239,47.80078874626407,-12.419349195718013,-1083.8294926485298,8706.190164927684,-1171.9588866517338,17.26660263,-61.52992437,3.92575788
2.85,8.400373290661202,0.2836434652928454,-12.52404020023203,0.7120077151974351,-2.799250880300031,2.4098390360643447,-59.47146723592731,-11.410760243057178,11.900917314462625,2772.066845544012,-2213.4101949013893,-5199.260928778775,18.35358126,-57.57483383,4.15347143
2.86666667,19.367167236545512,-0.48136235706523695,-19.061345838515017,0.09406807525428929,-2.5847660678117608,-2.0549536439625102,-18.59279710117392,-49.44770631698002,13.208252376270156,-3739.7496935374083,-1790.7510524235986,-1761.7039458351555,19.38496182,-53.06987023,4.34105409
2.88333333,7.494500005394364,0.6510839724493965,-8.964227053800949,1.7812792874879257,0.6288477484608301,3.574690570123724,52.25503846398681,-47.06296925241162,-48.108052890140925,-2622.7939883796894,763.0685878134071,-2186.576739455152,20.17259692,-48.04208681,4.41291998
2.9,19.536876499203842,-9.288347405463547,-2.0928761133473155,0.5149437940227874,-2.533174986730219,-0.257327897068826,53.70935656194769,-35.406572880663774,-36.48758245930902,3051.5029240119293,3598.0756501654496,2642.9802202482933,20.34428047,-42.14377802,4.17337775
2.91666667,22.86827665231607,-27.45066995579581,-20.72845585920593,0.374364299491181,-3.3373466698772325,1.0869128695301458,37.74723391144183,-32.185739661173976,-23.0762167635541,297.2587270914103,-1726.959609236197,3308.759382553172,20.34533456,-36.06118719,3.8988479
2.93333333,17.479677226155474,-13.744328559774571,-17.371742408084163,2.2192551122979554,-0.7374957050007741,0.8302316679072747,25.357959346674665,-4.517231595967796,-20.16100672882541,-1730.1710424506944,-877.3881031773719,-1066.677066000415,20.5263454,-29.7610229,3.42934654
2.95,18.153303511683436,-36.06609924503075,-28.042828951885415,-1.8980992407602046,-2.2887710844920646,0.7512116995153146,-37.5714919761312,-8.760396488527952,20.51759696769478,429.3324151300192,-1510.603904890116,60.67640850640351,20.45068137,-23.24006205,2.90132126
2.96666667,6.739438120139293,-20.087981252375226,5.252382767034732,2.5248980199176057,1.9002255201807554,-0.5815084652066908,-36.83873626058321,1.8415649710760285,20.853677943704707,-6.9777763772476735,1247.0083073723686,558.7284002578052,20.52314943,-17.1542929,2.50742893
2.98333333,13.433610262701304,-27.705831127016218,-14.422072698885312,3.683338526665047,-1.9788112084763927,0.6431757427296564,-30.781357960824376,39.00214858372735,-44.63278716361829,-738.5210774190836,-852.0153273940813,768.8023758646673,19.8799646,-11.26415592,2.2094427
3.0,-11.120983594814554,-22.67487591623533,23.671691282648293,-2.2825070869976414,2.3792390483048944,-3.031018787592282,27.083565381763584,-3.9612385796183442,0.09185937767290996,460.47739980229886,1255.4143863085749,-1694.605211589377,19.58142605,-6.42396524,2.3114577
3.01666667,-2.5342149854222504,-17.34590462147919,14.431374622790901,1.5766212612972608,1.9785255828205481,3.0982704786159467,12.84318634399731,-27.834099690971748,-34.87767244289231,33.998815867918246,-575.5007825291397,-35.870822654711375,19.07578172,-2.91512079,2.49327753
3.03333333,-25.7785139046556,-9.3776589268542,18.316035460489584,3.270814691673892,2.2281471087399924,-0.9480596207761361,-7.87387575176912,-31.268840466796437,-20.21642885042765,-233.36925881807375,168.8007553334468,-218.52496026051924,18.77727506,-0.95971945,2.66463917
3.05,-10.089907952504792,5.951093523469922,0.33293239359070154,-1.5149153940339195,0.0776879689258822,1.0571395771440975,-18.910361765785638,10.548846770002852,-48.409768090275186,125.82884067951933,-192.51219140794566,136.6756893856332,18.77502241,-0.80778535,2.81468782
3.06666667,-24.619843547477817,11.591907474775775,18.203543600814125,4.6175796940630764,3.18492254793705,2.6636061308845314,8.12985341690053,32.281922342426284,18.737735573082816,-932.4898336535127,-724.7300697151315,-526.4907285661812,19.4832165,-2.61150611,2.83654056
3.08333333,-12.788716085801308,19.148705850897986,-16.751687562803575,0.9387716244917644,0.23486390605470092,-0.1040759583696037,-32.09273192743347,13.233002089051318,7.2011825159245655,826.9719072153339,284.2016780229708,-176.03699767690634,20.11348136,-5.45523308,2.58778684
3.1,3.799379945959523,24.38405510926014,12.551138473895998,3.375754649697628,2.8531788587280316,0.5431677827328705,-39.154922619006484,13.053137239256193,-18.63393231936002,441.85475621779443,-782.4654000025416,397.01084315644357,20.89672566,-8.50520129,1.8823582
3.11666667,2.8655532210776546,11.589625171491193,-0.25352958802097997,0.22212017769629136,2.7187941750350175,-0.11847609478084875,-19.088603775056395,-31.106716349630123,-8.832062752076114,299.9762433270606,798.8047221828449,-240.79317999208055,21.46669983,-11.35316974,0.96651625
3.13333333,18.59554374917615,27.346114771654026,19.07326421829378,5.590257763897004,4.934986026006089,0.02678398928640413,-13.159188998299562,15.298336869079124,-40.04136902584162,-93.4392830374892,-1005.3929873913468,1613.5032764460716,21.90983652,-14.24241499,0.08489462
3.15,32.137754378676185,22.490351413311,16.775549716061313,-1.9344592262165525,1.2841914863228383,-1.7031233187505592,-28.99676653188069,28.16118099682245,-47.60379921532767,399.3108709107797,843.7683220915534,-1578.424091333092,21.56106556,-16.26078023,-0.67912016
3.16666667,19.45565675364732,23.512469248783802,12.365691445819847,-2.08342966674334,1.3763531010820578,2.612378089902104,-35.25992948450236,58.585445171437165,-34.909781538607064,363.9444560821944,334.1327721712566,-255.3572372262094,21.16701845,-18.25635831,-0.92048351
3.18333333,10.832638482752863,25.786267350707856,4.821083359725644,-4.111702355318436,-0.15944393622222372,2.205431117827408,-21.45565162335208,36.20969939886937,-7.639369555226614,-1900.6403873236711,946.4796810594509,499.399082295042,20.49538146,-19.95375347,-0.75293739
3.2,-16.728419194509442,46.7787459643625,-17.22241871214468,-0.6952317219078699,-0.42559182976347054,1.0917715632913598,37.277381354585636,42.23370718761061,21.41075782908332,1346.9793358644395,-1336.17979101096,5194.346190873307,19.76046484,-21.45619324,-0.18682072
3.21666667,-18.89974928129287,28.99249912350746,0.7195326130441132,-3.1309225047370695,-0.05752804602212458,2.212849770279507,54.323133172645704,56.230233303497634,56.66088818140814,3341.8798699937965,39.06463490306667,-7372.577219286561,18.69613179,-22.1717083,0.5516626
3.23333333,-36.72601712440611,27.637992455925314,-8.484746318978548,-2.7763548894583403,1.8545392581842453,-0.17891992843201276,56.111117539078855,-3.4204096649057836,-3.164949705174309,-3866.1574953211734,4179.771926787009,232.51992064637852,17.62792401,-22.72034235,1.57114471
3.25,-27.45975954012074,16.253906353915006,5.88632599350962,-0.8931236427502071,1.4100834359659333,0.30081587967361845,43.84605854028802,-55.534806283662,-48.13579208959017,1862.7321422598577,-3584.390716439854,6117.433926031005,16.03425721,-22.32230276,2.40585095
3.26666667,-27.16943274051794,1.4435414889285376,11.041174693124423,-1.467109173686895,1.2025089620073475,-2.86898629518862,55.74706923173831,-59.34581000045585,-56.22090528735917,-6321.51018013478,-110.21343777108486,-2221.8426906002937,14.3101154,-21.69693256,3.22367829
3.28333333,10.257727679244539,7.137676873398618,-0.15265467089719117,-1.886471245411728,1.3615194553925831,0.5935317625872724,46.96496354815544,-48.88518270014478,-58.07976522389572,3264.46914761657,424.3731403694384,-3586.0207685559467,12.46729363,-20.57025377,3.82128803
3.3,8.389676990105944,4.848904695467355,4.81585890518999,-0.8506076597567993,0.5276877889248757,-2.3357870656850177,54.86657367117228,-20.973502300330125,-21.631954141945787,3449.241144599928,1405.3152156627812,1968.3230971343137,10.69981258,-19.78595582,4.49629097
3.31666667,23.768499047498974,13.94806287789332,12.962382970271898,0.7814886251907209,0.72270057815986,-0.02206801765439863,-3.2933181464120898,-56.72190917683219,5.176678573238418,-162.32401683057853,-5488.988907309877,2118.0232909228716,8.70576447,-18.46177994,4.86827236
3.33333333,14.24137223378099,17.038788772775764,0.43240527340560064,-0.7868156852735975,-2.8583988566401297,-0.9881636047345008,42.68778383117022,-9.722937681417207,-0.9356443884768524,-4871.241287287937,2863.7382528959897,-3430.4009727353587,6.55985526,-17.1354146,5.25250415
3.35,24.80948971098248,31.319042553637836,7.985259312403244,-1.5637673744932734,-2.464235014305661,0.06199197520320319,-44.06518813562936,19.505360137092755,-19.192783282718874,4670.141163535017,3953.2774025327935,1787.9149828850257,4.67064329,-15.62994092,5.49799396
3.36666667,25.364897803616646,21.111798388910746,25.12828473123592,0.0028440022755028757,-0.013788011031342211,-2.637974110378768,-50.19155858387812,53.660996332830834,-54.37019112406728,-212.34631578741076,-3153.8017642082527,-3848.8908187423453,3.13727935,-14.45182507,5.87353031
3.38333333,19.96012688563317,14.190309648122373,18.604966987088016,0.3987358405052142,-3.316174673528805,0.5492877802848788,-58.11153498826813,-15.185514745538656,17.016814555010267,-3693.1863345557763,-2791.6854189279484,3020.3134151866357,1.30275394,-13.27713642,6.22915805
3.4,8.279813764010001,7.219216867690184,24.90093419439221,-1.2596034961579885,-2.9998068000776517,0.3436198625520337,-18.36866973803356,-22.932958959068653,43.56294528984239,2757.65924973205,1854.9375746804008,3569.517484434503,-0.35488134,-11.9862317,6.54772388
3.41666667,16.30250180990382,4.89171508003433,31.69133386725507,-0.2528282022627423,0.09194407355521202,-0.6342125073699288,-34.82203962266051,-2.514883777649621,22.041510265065888,-1747.057674122364,2825.447629401952,-2828.2688165633767,-1.89846017,-10.84805408,6.91336918
3.43333333,3.4519152601839496,-5.1961753087433475,34.78451996945203,-0.6405117437954531,-3.0743267702692036,1.2426115029553249,2.5684319708044705,-32.483078721297154,16.83864254457495,769.1038051806759,-2137.264250179937,-3043.847315634261,-3.60974015,-9.87582288,7.37063073
3.45,0.8225911403202883,-1.7654036291854143,9.020184682963201,2.7854628858150923,-1.2416395033441159,-3.3384226646308877,-21.509787531587005,-40.99831540572363,9.400810481065765,3284.560906023418,169.62592880230247,1860.1249614935837,-5.03807535,-9.15864553,7.90771017
3.46666667,-7.7694879342491845,-3.1697873446756533,8.385863969815494,-3.328958663166647,-2.7969502375598307,-0.08600406880323808,-11.754378279794901,-49.44480918967831,5.080012621874273,-1698.9998289714767,174.81506521077867,3167.7380719329917,-6.60736436,-8.35238752,8.5023617
3.48333333,-4.556624814387408,-0.7248626964902765,0.36676792105662415,3.231718707312708,-1.2011755195293614,-1.3782234487105378,10.759209037031962,-54.280262837336075,-11.690697534974634,-3178.1463418744165,-140.73735732621464,-642.5092691953837,-7.92161061,-7.96959567,9.32854021
3.5,-12.113120465014857,-4.385997505655062,14.911935174499057,0.8453516618587679,-0.5514117794357802,-0.41738383304644594,15.950751491297268,-48.31769262252366,-4.710941158620822,-206.31258589866107,-140.7861831469128,-3916.2006083996494,-9.25339947,-7.68431673,10.21681965
3.51666667,-15.961709207634895,1.7619774872400111,-6.10270028008162,-1.1415249132194425,-5.062288049829637,-0.5954764763810897,20.186496360574896,-38.337358386543286,-9.078270064768429,2777.472906164711,513.1372232896257,794.1573414061537,-10.86453291,-7.04369072,10.89623968
3.53333333,-25.376080980799756,0.3893426174924857,16.60403007962127,1.815551273779077,2.044727182109186,0.4329718268112592,-13.657145687244137,-12.60898713164793,36.36808720247815,714.1448688695357,-314.1335288649816,632.913150023582,-11.66014301,-7.0549262,11.87567352
3.55,-27.257599092694104,11.292086452281735,-3.3684092434541055,-0.5069157972332163,-3.339358664256416,-0.2218679112528209,11.721252008794485,3.6372181911172383,49.35114592020948,-1832.2485673259891,-61.69032666759983,953.4706118890839,-13.15322019,-6.74710122,12.58293176
3.56666667,-25.266181707572066,20.70507423529754,-4.77975363491759,2.1656897325514484,-0.4512603610075128,-0.7156805725443541,53.3460783208573,49.54606860641731,52.12888624344808,-123.4925337929125,-525.6214052708385,475.26159132686945,-14.35846229,-6.40543942,13.2886805
3.58333333,-28.471768983815952,22.91512912338988,-10.719800897148911,0.13827594468937257,0.8396996641191451,-0.5455077817968402,59.754435612746484,52.88392827302059,53.08251860532423,468.06505192831764,485.02781728136,35.6318080020871,-15.76355466,-6.01432095,13.98482253
3.6,-26.954733387912032,23.948409689916044,-33.53149986014033,-0.33602386559024,-1.8871552451371685,0.0730439707823829,53.47983061341082,-15.743567582307678,-22.219946417583184,626.9119806888915,1420.1793550553377,-427.4377345309421,-17.25092321,-5.69845024,14.59701554
3.61666667,-14.639522375233591,16.160981241549916,-27.43864136703776,3.1511905209516344,3.623078898461666,-0.7281725825378911,55.918164423350824,-52.09749599950306,-49.160585616362994,730.5824551708829,-547.635676348489,135.14808391121318,-18.24839322,-5.82366248,15.394154
3.63333333,-1.0611397182338624,7.7355659737412745,-33.79227256347512,-0.35830785667710424,-0.2647438941017785,-1.4209914316034387,15.048198184967896,-45.937130536883764,-1.008454105223257,-223.7941875848102,-751.0709388587475,-191.37833278848154,-19.62167667,-5.81253022,15.90285287
3.65,18.618234657438,4.672014326520991,-18.519430035378857,1.1725195309924534,3.143626742548505,-3.1847387261042766,-48.75594887498074,-54.55282815175811,44.41993891397297,-881.8004157805456,-37.65699459911743,-607.376800145566,-20.35503421,-6.56668275,16.68647378
3.66666667,13.228702527327156,-2.5449389596364966,-14.980955965210416,2.426041940833231,0.8636046908845044,-1.6968253574600256,-58.79446928807838,-6.3674719864516485,5.979183046839816,662.2550208721233,-201.95808171519238,-404.6506362823261,-21.11271596,-7.53590685,17.35763321
3.68333333,15.762825847439807,-11.27512802633509,-20.22636677641184,2.302631078947643,1.2540234983895278,-3.4082986366803314,-58.276638161238495,21.736521671442176,-23.148304834566073,-315.8564201313129,-373.8255445176312,179.29795074358282,-21.56478137,-8.70781204,17.76077774
3.7,27.187932043597673,-11.486076207884922,-22.45034976347561,1.2960714815710506,2.7772188891132332,0.21452391419042535,-47.11559278922007,7.2116948601882385,-15.709059438210456,-814.2879631294036,309.69183126487945,255.29201779004612,-21.72607918,-10.21649979,17.94990937
3.71666667,14.405091306073075,-14.58597908206772,-8.573811519914253,1.8294494635592038,2.3479938783943064,-0.02289601831680037,-9.33260921508851,14.57475303837299,20.236119668394135,460.29227818855105,-299.06842326663764,-169.9500473618905,-21.56735787,-12.33803159,17.94384226
3.73333333,3.096159793450569,-13.256021701275138,10.58759847547735,3.1447787420886977,3.820174471930378,-2.0178711928513837,38.29692958646546,38.941363112081916,56.02610403750014,589.5736270657178,-666.7337484558433,141.08224138216352,-21.32085889,-15.03711664,17.63504448
3.75,4.929743498583331,-7.426976734126153,8.285951303611107,-0.08035196785967959,1.0364395854233253,2.121695151321801,58.09405832935678,57.64353195375326,56.17365206577612,1610.1757111547668,1073.4067403217998,1710.79459991609,-21.17968884,-18.22505167,16.75518497
3.76666667,13.330924579085222,-9.032955900637335,11.907271959983465,-1.250425000339531,1.9518495614803866,-1.884817507853746,3.952359905388004,1.015361263823223,39.87342744839947,-2654.557026174138,114.56197042360533,3290.047628946032,-20.47518559,-22.23120152,15.28012895
3.78333333,20.634639174912614,-2.778998498079507,18.346403411593272,-2.120471151811297,1.6150313539866772,-0.4768198092720675,-51.87355219812256,26.873131112351775,-28.14344469990369,-1832.4682914810626,-3400.660196514281,-5155.643178964635,-19.14623629,-27.25650643,13.36800329
3.8,25.91869670808962,-4.67635830715265,13.012209294843576,-3.991642403343069,-0.7585196965921004,-0.5962317615072591,28.831992385392077,48.70111017290771,19.21708650338942,4740.17268091609,4176.788380647752,-4988.776024992773,-17.07823081,-33.22571168,10.41554907
3.81666667,31.912196934797674,-9.521686446849861,9.022677720444642,-1.409365127492084,0.9253087402476311,0.22989618391691571,-45.73791786251458,-52.77878659917191,52.88833801477241,-2477.7537332536845,6630.288519735741,10766.89776451255,-14.21821888,-39.64764442,6.59112768
3.83333333,32.83108739165214,-9.509734254040149,2.07618922583643,-1.1772355291053702,-0.27125989149653157,-1.3143954742417254,43.26601922088403,-53.594185297536065,-40.136952970606984,-4150.5222280914395,-13654.877426829053,-1685.098298424928,-11.22554963,-45.77896908,2.26818446
3.85,25.702949648347843,13.373101705695838,18.036621769505427,-3.3352546658983555,2.4551630179344386,-0.41623183350725623,49.57060324519211,-22.493208571038114,-31.04531367876199,11141.386760874097,8275.759677298549,-13393.62893342443,-8.235885,-51.33174723,-1.58155757
3.86666667,20.63391534510537,-1.7490197631667872,6.877639785395964,-0.41922033537595205,0.3145682516548331,2.260549808439399,-18.896803243393208,6.1222945275493394,33.40206888921446,-9115.466819083878,-187.44890534923726,7793.251603457968,-5.60866032,-56.12633174,-3.95161134
3.88333333,-15.551302886105683,11.776808192257414,32.44358510809374,3.036490785403494,3.3404746638106064,-0.8855636457745234,-12.518578604651145,18.23974875490984,-2.6721436638228755,-1277.6905469965452,3400.257643872965,5621.043462799267,-3.01777578,-60.39610205,-4.3552022
3.9,-4.709079402563722,-0.7394583122711054,6.39164949158312,-7.748780900486848,-3.111766755294284,3.566230573507539,48.510013389976976,44.51697246786329,46.432305113060565,7261.8223957525515,-8508.082444006915,-6993.056332455014,-1.18543561,-63.42592908,-3.44326768
3.91666667,-18.804546305644028,2.012631446894602,9.004782113181419,-0.05115604092527742,0.5062684050153622,0.7599246079395695,-14.049504102770996,-14.846000764894981,9.446520805967046,-8901.362498596627,1403.5886438818181,1523.4475968908846,1.34878184,-66.37940447,-1.76961731
3.93333333,-18.07923557396252,2.81139608798291,6.0913915296780505,-0.7500236999901754,-0.7937636824937386,0.17661592935362935,47.08159031984897,-38.883536152455044,-43.405782436771396,5535.081229111414,-446.057330667246,1446.5637140581596,3.69431126,-68.42703067,-0.23255296
3.95,-23.511486377064248,1.4959905143880612,-3.893359375747653,-1.9016632393349275,-2.137607144957872,3.3256066697572866,-7.979586610245396,57.310624436644886,-9.543061919020493,-4947.541856621154,174.33741470081804,2984.7541902967355,5.9452787,-69.71604096,0.89114811
3.96666667,-38.17288191745789,12.249771011648514,-21.18513880868212,0.4060443248357081,-1.2342969874380179,-0.9589687671748922,35.20208729585901,25.387134688674696,1.6803941540685554,13409.275622987787,3245.155404903216,-4001.1429835735266,8.2403606,-70.26237926,1.65639991
3.98333333,-12.703666883260112,8.140586232271707,-25.386061301166528,-3.9399104240357152,-4.01795839281541,1.8709552516177994,6.4516346918103284,3.988919823237252,9.510298100863091,-12021.961049393574,-2203.551183537747,16145.883014337249,10.36818929,-69.92085653,2.0928703
